stock_code,bias,prev_high,data_date
6418,-0.18942602599678696,38.2,2026-01-23
3529,-0.1795609931630083,1575.0,2026-01-23
6823,-0.1729290457881858,63.1,2026-01-23
7799,-0.1692307692307693,445.0,2026-01-23
9910,-0.1633736028000451,100.5,2026-01-23
6854,-0.15917803054106697,114.0,2026-01-23
4416,-0.15780866721177414,31.0,2026-01-23
5321,-0.15389164354273763,31.55,2026-01-23
6219,-0.14092705102604414,17.3,2026-01-23
6669,-0.13703509079231624,3830.0,2026-01-23
00674R,-0.1359514920135867,5.16,2026-01-23
3230,-0.13188155511562277,35.2,2026-01-23
2726,-0.13184961357429262,12.55,2026-01-23
3609,-0.12407054151905621,37.5,2026-01-23
2429,-0.1234088279054389,73.0,2026-01-23
3032,-0.12289606724463474,74.6,2026-01-23
3040,-0.12109200369564573,50.4,2026-01-23
7738,-0.12028026469443369,172.0,2026-01-23
2357,-0.1179493034939484,522.0,2026-01-23
5508,-0.11718112428592008,61.8,2026-01-23
3515,-0.11595755038457786,232.0,2026-01-23
6933,-0.11542610571736782,146.0,2026-01-23
6186,-0.1132646880678377,49.05,2026-01-23
4438,-0.11306688313075418,70.3,2026-01-23
8454,-0.11163822786747263,195.0,2026-01-23
6409,-0.11142721669037459,950.0,2026-01-23
00917,-0.11130054877723909,22.29,2026-01-23
00686R,-0.1107501776469395,1.48,2026-01-23
2239,-0.11025925552305067,29.85,2026-01-23
9941,-0.10842477217779418,80.2,2026-01-23
00676R,-0.10700314768654143,8.24,2026-01-23
00632R,-0.10676078305904922,15.01,2026-01-23
00664R,-0.1065801668211307,2.43,2026-01-23
6143,-0.10218387705581024,114.5,2026-01-23
8472,-0.10114412295325304,65.8,2026-01-23
8087,-0.10013364351828935,30.5,2026-01-23
3002,-0.10010877805979511,23.25,2026-01-23
6931,-0.09755049419853881,56.5,2026-01-23
2756,-0.09707406278573612,79.1,2026-01-23
7547,-0.09690279055504447,59.0,2026-01-23
3685,-0.09572769653234584,36.3,2026-01-23
4943,-0.0928243896393605,12.8,2026-01-23
3628,-0.09088930009796463,71.9,2026-01-23
6165,-0.09045546053650398,44.6,2026-01-23
4529,-0.08972223472741178,3.47,2026-01-23
5258,-0.08790775598699112,62.9,2026-01-23
5904,-0.08745680325067404,405.5,2026-01-23
2536,-0.08737864077669903,23.65,2026-01-23
4303,-0.08587043386352508,60.4,2026-01-23
6906,-0.0856347180320261,80.7,2026-01-23
8054,-0.08528584817244611,125.0,2026-01-23
4164,-0.08355446249433675,35.55,2026-01-23
6922,-0.08278794248316054,162.0,2026-01-23
2722,-0.08278370215126672,25.15,2026-01-23
3325,-0.08218444000584599,15.9,2026-01-23
6123,-0.08217931871019922,46.15,2026-01-23
6875,-0.0818526260778677,47.0,2026-01-23
5398,-0.08075718371237914,22.6,2026-01-23
2442,-0.08053007135575935,23.05,2026-01-23
2201,-0.07984027046228469,32.2,2026-01-23
6584,-0.079768668314183,314.0,2026-01-23
6144,-0.07909083284408297,18.65,2026-01-23
6781,-0.07870221651140373,1275.0,2026-01-23
4966,-0.07774596142417207,583.0,2026-01-23
5439,-0.07754635641198772,304.0,2026-01-23
1474,-0.07671418873048187,10.4,2026-01-23
3023,-0.07588097734053707,193.0,2026-01-23
4549,-0.07562402784978896,105.5,2026-01-23
5525,-0.07557776389756402,26.2,2026-01-23
2912,-0.07547719656127064,214.5,2026-01-23
6593,-0.0754422256934183,36.75,2026-01-23
4147,-0.07539815699130129,59.9,2026-01-23
9802,-0.07405934293214547,99.6,2026-01-23
4968,-0.07399340344763207,126.0,2026-01-23
3078,-0.07363927427961595,67.0,2026-01-23
6203,-0.07347447073474468,68.9,2026-01-23
4763,-0.07320225237699615,51.4,2026-01-23
3552,-0.07278318810866224,61.1,2026-01-23
6462,-0.07222705669723538,118.0,2026-01-23
6957,-0.07202500925506973,189.0,2026-01-23
5536,-0.0710939091464657,689.0,2026-01-23
2354,-0.07106678502428085,60.6,2026-01-23
1598,-0.07097073133060466,20.3,2026-01-23
2211,-0.07084964097506864,102.0,2026-01-23
8936,-0.07076148373686207,53.5,2026-01-23
4737,-0.07067951231989081,54.7,2026-01-23
2718,-0.07060584766734887,50.7,2026-01-23
00641R,-0.07005444646098015,4.29,2026-01-23
5364,-0.06987044624072633,14.4,2026-01-23
3447,-0.06950819672131157,47.4,2026-01-23
6140,-0.06937898944103081,26.3,2026-01-23
6541,-0.06902473562110213,52.5,2026-01-23
2515,-0.06867356538099725,13.45,2026-01-23
3013,-0.06855391037766621,121.5,2026-01-23
6591,-0.06828640596715448,73.2,2026-01-23
2241,-0.06781210016450383,35.15,2026-01-23
1626,-0.06735751295336803,11.1,2026-01-23
3665,-0.06591252730021835,1440.0,2026-01-23
1295,-0.06567439839209084,86.5,2026-01-23
2230,-0.06566177988849886,93.0,2026-01-23
1463,-0.0648717022045536,17.55,2026-01-23
2480,-0.06469212782540922,142.5,2026-01-23
3332,-0.06411014443787497,55.6,2026-01-23
3664,-0.06404679766011703,16.25,2026-01-23
8097,-0.06375536304757744,57.6,2026-01-23
3520,-0.06295611559793712,16.25,2026-01-23
3706,-0.06267581861145487,85.2,2026-01-23
5203,-0.0624497740950408,88.7,2026-01-23
6534,-0.062415221283753215,87.3,2026-01-23
5206,-0.06232963837906594,30.2,2026-01-23
8489,-0.06206110443933315,38.8,2026-01-23
2719,-0.06178669815033447,30.0,2026-01-23
3666,-0.06099452927247488,29.1,2026-01-23
2754,-0.06084707910512082,80.8,2026-01-23
6629,-0.060809069827364136,121.5,2026-01-23
6805,-0.0602655771195097,1445.0,2026-01-23
6221,-0.059980032255587144,30.95,2026-01-23
1325,-0.05978510920457937,29.2,2026-01-23
1442,-0.059426879560114144,30.15,2026-01-23
4503,-0.05910192123499905,41.85,2026-01-23
6617,-0.059032927914565506,79.7,2026-01-23
6918,-0.05843653250774008,81.2,2026-01-23
2061,-0.058089033659066244,17.6,2026-01-23
00770,-0.05806563941847295,54.15,2026-01-23
1316,-0.05797503467406381,14.35,2026-01-23
3617,-0.05755366708284666,199.0,2026-01-23
3413,-0.05726724715338252,284.5,2026-01-23
5348,-0.056890492924304384,17.8,2026-01-23
6276,-0.05638516992790932,37.5,2026-01-23
1457,-0.05620805369127513,15.15,2026-01-23
7722,-0.055847240925390736,534.0,2026-01-23
2434,-0.05582856682510277,29.3,2026-01-23
6645,-0.05553590378493103,17.8,2026-01-23
6796,-0.055304497525285136,89.0,2026-01-23
00653L,-0.055022715800100964,54.9,2026-01-23
6874,-0.054701465856274625,66.5,2026-01-23
6535,-0.05410152819251719,180.5,2026-01-23
2421,-0.0536570279882481,157.5,2026-01-23
3252,-0.053553531744302545,18.1,2026-01-23
2753,-0.05354596136393097,185.0,2026-01-23
8937,-0.05320256424305519,149.0,2026-01-23
6412,-0.05275014079219077,85.5,2026-01-23
6290,-0.05251354886937025,175.5,2026-01-23
6684,-0.05223512959460955,50.5,2026-01-23
2506,-0.05216635013046025,8.95,2026-01-23
2915,-0.0519981484338836,51.8,2026-01-23
00655L,-0.051947488022695346,33.71,2026-01-23
2204,-0.05173143679620681,57.0,2026-01-23
1321,-0.051713954971768665,33.7,2026-01-23
1532,-0.05170510110729049,25.4,2026-01-23
2642,-0.05160390516039049,25.8,2026-01-23
3231,-0.05120481927710848,138.5,2026-01-23
3466,-0.05120126033871614,40.25,2026-01-23
8096,-0.05120112508380893,49.95,2026-01-23
2498,-0.051072522982635336,47.75,2026-01-23
2615,-0.050942371181411664,76.9,2026-01-23
6482,-0.05080467024297875,38.0,2026-01-23
4558,-0.05071196602548091,19.2,2026-01-23
2923,-0.050625128100020414,19.4,2026-01-23
3373,-0.05058872806813405,17.15,2026-01-23
5284,-0.050522648083623695,276.0,2026-01-23
1102,-0.05033068041699371,35.75,2026-01-23
2736,-0.04978127249570844,14.7,2026-01-23
4506,-0.04972681374922189,116.0,2026-01-23
6491,-0.04964617425917727,286.5,2026-01-23
6589,-0.049624207408132746,65.5,2026-01-23
4924,-0.049513390637209574,11.15,2026-01-23
00757,-0.04892889889138955,114.25,2026-01-23
5704,-0.04889693263019949,25.6,2026-01-23
3056,-0.048873546511627994,17.65,2026-01-23
6890,-0.04863000066343794,248.0,2026-01-23
5457,-0.048554588829638055,40.25,2026-01-23
1907,-0.04831671815778595,25.25,2026-01-23
9906,-0.0483086790110686,46.35,2026-01-23
6533,-0.04796038055519358,253.0,2026-01-23
6925,-0.04789983004404972,92.6,2026-01-23
4109,-0.04767063921993505,14.8,2026-01-23
3085,-0.04745470232959448,13.8,2026-01-23
3297,-0.04714123072766909,42.45,2026-01-23
6763,-0.046967234151766575,56.2,2026-01-23
1565,-0.046709853392430924,117.0,2026-01-23
1733,-0.046691027202598455,29.7,2026-01-23
2762,-0.04633030478767978,74.6,2026-01-23
1799,-0.04628669287730052,33.05,2026-01-23
3005,-0.046066041581736696,120.0,2026-01-23
3217,-0.04567211806940562,162.0,2026-01-23
2247,-0.04559359067734894,276.5,2026-01-23
6469,-0.04481551032837659,96.2,2026-01-23
2317,-0.04477826493207788,226.5,2026-01-23
7712,-0.04477046852815913,87.1,2026-01-23
6505,-0.044730094353852126,47.75,2026-01-23
9924,-0.04466204919990444,50.0,2026-01-23
00633L,-0.044658549781731255,48.68,2026-01-23
6768,-0.044642857142857144,109.5,2026-01-23
2906,-0.04408471431313584,12.5,2026-01-23
5210,-0.04401956425077821,21.5,2026-01-23
6895,-0.04399356383187474,211.5,2026-01-23
2916,-0.04390644234714814,46.7,2026-01-23
6504,-0.04371209295934998,41.6,2026-01-23
6968,-0.04369432155626924,53.1,2026-01-23
2465,-0.043485660794825964,56.7,2026-01-23
6150,-0.043463169117100145,65.2,2026-01-23
1475,-0.04291402448016512,32.45,2026-01-23
00637L,-0.042862063874809585,20.04,2026-01-23
7765,-0.042630495337289624,265.5,2026-01-23
2734,-0.04241248567145732,18.3,2026-01-23
1227,-0.04222112699195006,29.3,2026-01-23
7721,-0.04214051258247404,48.5,2026-01-23
1777,-0.04213626198436792,72.2,2026-01-23
6937,-0.04208357857563272,221.0,2026-01-23
8111,-0.04202795313305976,66.1,2026-01-23
4138,-0.04196716076323289,60.1,2026-01-23
1732,-0.041691133294186736,27.5,2026-01-23
6451,-0.04139903924002815,152.5,2026-01-23
00706L,-0.0413628816862772,19.94,2026-01-23
1225,-0.04125361565896269,28.7,2026-01-23
2838,-0.041066062796672693,18.55,2026-01-23
2614,-0.041002277904327956,21.2,2026-01-23
3259,-0.040877445451363195,20.55,2026-01-23
6561,-0.04075847004693965,348.0,2026-01-23
2348,-0.04058131658353332,79.0,2026-01-23
6666,-0.04028824107435292,44.2,2026-01-23
6228,-0.04028547281434882,26.5,2026-01-23
4102,-0.040231501949278645,19.95,2026-01-23
6283,-0.04014249431012295,24.7,2026-01-23
2376,-0.04011269117252483,242.5,2026-01-23
8404,-0.040098032541357576,24.8,2026-01-23
6148,-0.03976964486917309,39.0,2026-01-23
2468,-0.03956579878864145,42.2,2026-01-23
2373,-0.039504716981132094,55.0,2026-01-23
6582,-0.03946331918786377,31.55,2026-01-23
3694,-0.03937007874015748,62.9,2026-01-23
1752,-0.03935338545117282,36.5,2026-01-23
4126,-0.0393216007434513,84.2,2026-01-23
2748,-0.03930468372766778,41.9,2026-01-23
1231,-0.03922000101562366,95.5,2026-01-23
3479,-0.03895345842847087,94.2,2026-01-23
2640,-0.038892804510796464,127.0,2026-01-23
8462,-0.03878310588489136,149.5,2026-01-23
2458,-0.03874514009920898,122.0,2026-01-23
1447,-0.03849117076027003,5.25,2026-01-23
9938,-0.03773672700200077,53.8,2026-01-23
5251,-0.03765880217785843,35.8,2026-01-23
6754,-0.03758117747258598,45.6,2026-01-23
1446,-0.037374155288925584,17.45,2026-01-23
4188,-0.036992249766393655,14.6,2026-01-23
3625,-0.036849596710422296,22.3,2026-01-23
2545,-0.036717895955244086,38.05,2026-01-23
1441,-0.03629635461774685,10.4,2026-01-23
6958,-0.03609430419361566,15.45,2026-01-23
4129,-0.03583617747440276,113.5,2026-01-23
8227,-0.035618279569892546,149.0,2026-01-23
3594,-0.035550708833151604,36.85,2026-01-23
6885,-0.03553008595988532,28.7,2026-01-23
8069,-0.0354900476466136,186.5,2026-01-23
1736,-0.035474905999673116,149.5,2026-01-23
6649,-0.03542072425972998,49.45,2026-01-23
3232,-0.03505413026073034,23.25,2026-01-23
6496,-0.035017679936124105,28.35,2026-01-23
6158,-0.03496186664653031,21.65,2026-01-23
2812,-0.034858904434432035,20.45,2026-01-23
6456,-0.03455883751450257,43.15,2026-01-23
6441,-0.034245068563467,22.85,2026-01-23
2430,-0.03415783274440531,22.75,2026-01-23
8099,-0.034003973600676,70.8,2026-01-23
2364,-0.03370731348047049,66.8,2026-01-23
1216,-0.033401917436414005,74.5,2026-01-23
4908,-0.03315934244439144,75.0,2026-01-23
1909,-0.033115625717942555,9.92,2026-01-23
4440,-0.03270638376725663,17.55,2026-01-23
6771,-0.03255280649264578,45.4,2026-01-23
4104,-0.03239635005205458,79.4,2026-01-23
00971,-0.03229706042350851,16.02,2026-01-23
4766,-0.03218431681357483,322.5,2026-01-23
6161,-0.032170954326966414,45.5,2026-01-23
4414,-0.031705094744645106,10.7,2026-01-23
00693U,-0.03149700123128249,20.38,2026-01-23
3713,-0.03141062250142776,21.65,2026-01-23
3324,-0.03140134354007184,943.0,2026-01-23
00652,-0.03134235321024806,36.2,2026-01-23
6214,-0.03132728771640558,118.5,2026-01-23
2739,-0.03128718415342599,35.45,2026-01-23
6263,-0.030893475195487855,127.0,2026-01-23
2913,-0.030837004405286465,13.2,2026-01-23
1438,-0.030666110142650357,33.0,2026-01-23
7747,-0.030441196191497908,121.5,2026-01-23
3284,-0.03032204918997373,20.9,2026-01-23
6733,-0.030121127666416395,38.1,2026-01-23
1707,-0.030087094220110824,123.0,2026-01-23
2206,-0.03005726498068334,59.7,2026-01-23
6294,-0.0300383507349029,44.1,2026-01-23
4745,-0.029847972345091577,21.8,2026-01-23
9919,-0.029787234042553207,16.35,2026-01-23
3672,-0.029733959311424023,12.9,2026-01-23
2755,-0.029705719044974984,116.5,2026-01-23
2732,-0.02964959568733155,69.0,2026-01-23
2353,-0.029610263269897272,27.05,2026-01-23
2903,-0.029512545595224957,22.0,2026-01-23
9921,-0.029511621833376744,94.7,2026-01-23
2537,-0.029478458049886715,10.85,2026-01-23
7791,-0.029285275445422844,71.2,2026-01-23
1570,-0.029257112039908266,30.2,2026-01-23
6499,-0.029126213592233066,93.0,2026-01-23
2633,-0.028916313845599565,27.3,2026-01-23
00673R,-0.02887279878430312,27.25,2026-01-23
4174,-0.028703069547350635,26.15,2026-01-23
1535,-0.028355152944096296,52.7,2026-01-23
7736,-0.028295477497658816,90.0,2026-01-23
2258,-0.028178665614552446,39.2,2026-01-23
5234,-0.027941850092818125,347.5,2026-01-23
6278,-0.027598355842630727,98.5,2026-01-23
2227,-0.027302202963546532,54.0,2026-01-23
3206,-0.027267156862745116,31.85,2026-01-23
5603,-0.02717031146454602,18.55,2026-01-23
1580,-0.027067020161538922,132.5,2026-01-23
8044,-0.027000055441592192,29.65,2026-01-23
4190,-0.026991549757978555,30.8,2026-01-23
4153,-0.026917118512780665,34.15,2026-01-23
4915,-0.026913407245600415,79.7,2026-01-23
4207,-0.0265136525524336,18.55,2026-01-23
6689,-0.02648118442159509,61.9,2026-01-23
3483,-0.026440389423844225,92.5,2026-01-23
8931,-0.026356146795534843,46.0,2026-01-23
2530,-0.026168773890032235,27.75,2026-01-23
2538,-0.026047565118912767,10.9,2026-01-23
00651R,-0.025924513915363944,5.12,2026-01-23
912000,-0.02564717162032603,2.79,2026-01-23
5490,-0.02559768171939159,27.05,2026-01-23
00830,-0.025550127534477527,56.35,2026-01-23
00669R,-0.025469363993596224,5.59,2026-01-23
4569,-0.025407452120945972,150.0,2026-01-23
2929,-0.025385784793519293,7.8,2026-01-23
2316,-0.025235032162295865,101.0,2026-01-23
2881C,-0.02487624147700732,52.2,2026-01-23
3268,-0.02485387064582035,17.2,2026-01-23
6914,-0.02469415496148613,144.0,2026-01-23
8147,-0.02430342060127501,103.5,2026-01-23
2428,-0.024210961547296437,183.0,2026-01-23
4903,-0.024170157911698357,39.3,2026-01-23
1504,-0.024159510988211223,95.0,2026-01-23
6870,-0.024135576884462436,209.0,2026-01-23
2528,-0.024026512013256052,29.8,2026-01-23
1264,-0.02399207066437343,279.0,2026-01-23
6569,-0.02365526593340359,108.0,2026-01-23
5410,-0.023557345996851976,30.6,2026-01-23
6281,-0.02344567720326563,62.4,2026-01-23
8092,-0.02340461357130831,15.0,2026-01-23
6194,-0.023183488832344,34.65,2026-01-23
7757,-0.023168440826549827,117.0,2026-01-23
6185,-0.022917228363440355,15.35,2026-01-23
009801,-0.022810055532334183,10.94,2026-01-23
8908,-0.022808757342283992,42.8,2026-01-23
6279,-0.02280130293159613,128.0,2026-01-23
2362,-0.022740086449915403,39.7,2026-01-23
1466,-0.022565047202394627,14.4,2026-01-23
3611,-0.022553313413286407,199.0,2026-01-23
5202,-0.022518931845356624,16.7,2026-01-23
1104,-0.022476501838986515,30.0,2026-01-23
00858,-0.02236497976312402,32.8,2026-01-23
4417,-0.02208201892744475,53.0,2026-01-23
6530,-0.021910314149144842,60.1,2026-01-23
00875,-0.02168079396856505,38.3,2026-01-23
5520,-0.021679523269842505,89.2,2026-01-23
4942,-0.021432840918794098,38.5,2026-01-23
6231,-0.021294818390625626,214.5,2026-01-23
9945,-0.021064982958037676,29.5,2026-01-23
2926,-0.02099069398656274,39.1,2026-01-23
6527,-0.020801623541349575,77.2,2026-01-23
5607,-0.020693675313319625,48.1,2026-01-23
3017,-0.020655270655270654,1385.0,2026-01-23
3290,-0.020588401804080038,43.5,2026-01-23
6752,-0.020573355817875248,122.5,2026-01-23
5706,-0.02047213243216759,50.3,2026-01-23
3147,-0.020348837209302327,172.0,2026-01-23
7705,-0.020286371454029402,39.65,2026-01-23
3679,-0.02028485110056102,113.5,2026-01-23
1437,-0.020172910662824183,32.3,2026-01-23
6206,-0.020087336244541534,94.4,2026-01-23
1784,-0.020008166598611724,103.0,2026-01-23
5512,-0.019920814245144323,7.94,2026-01-23
6117,-0.01991385230039327,80.8,2026-01-23
4401,-0.019846881552640392,17.0,2026-01-23
9940,-0.019615059065984663,22.4,2026-01-23
1110,-0.019271516496821822,16.4,2026-01-23
1904,-0.019241546796188877,17.75,2026-01-23
4162,-0.019104115091783586,71.0,2026-01-23
4426,-0.018986799979455248,9.66,2026-01-23
2705,-0.018958772193800648,16.3,2026-01-23
1465,-0.01858152316147603,12.5,2026-01-23
1472,-0.01834352418010012,88.3,2026-01-23
5287,-0.017974572555896472,168.0,2026-01-23
5403,-0.017940104352798244,115.0,2026-01-23
5283,-0.01786199033606598,60.3,2026-01-23
9958,-0.017841370782547293,141.0,2026-01-23
1201,-0.017836983517723993,14.55,2026-01-23
2059,-0.01781415503129514,3590.0,2026-01-23
6690,-0.01764705882352941,168.0,2026-01-23
6863,-0.017568517217146834,117.5,2026-01-23
6712,-0.017540302139308482,162.0,2026-01-23
6179,-0.01729450628764945,29.7,2026-01-23
1906,-0.017273415456610135,12.05,2026-01-23
6596,-0.017253439030076954,141.0,2026-01-23
4557,-0.017163828406471716,75.2,2026-01-23
6169,-0.017112391435204925,19.35,2026-01-23
2534,-0.01699325148386045,20.2,2026-01-23
2820,-0.016837041491280885,16.4,2026-01-23
4116,-0.01682905225863592,44.4,2026-01-23
8411,-0.016726484729464433,12.1,2026-01-23
6782,-0.016715830875122878,177.5,2026-01-23
6732,-0.016714912690260455,179.5,2026-01-23
1453,-0.016658798138531,12.3,2026-01-23
2729,-0.016623741512526394,176.0,2026-01-23
6971,-0.01655098772023489,30.9,2026-01-23
7723,-0.016513225193628665,34.45,2026-01-23
1229,-0.016497238735094438,47.0,2026-01-23
8437,-0.016490278119616158,17.25,2026-01-23
00688L,-0.016215236887399245,7.25,2026-01-23
9946,-0.016210173281162612,17.65,2026-01-23
1604,-0.016125183240718658,24.1,2026-01-23
9943,-0.016096745002330964,59.9,2026-01-23
00680L,-0.016060174832282993,7.27,2026-01-23
2886,-0.0160480822851478,39.9,2026-01-23
1339,-0.0160040717072894,44.0,2026-01-23
3646,-0.015797032072762143,26.0,2026-01-23
6508,-0.01574116086698556,23.55,2026-01-23
6170,-0.015723844787221677,49.9,2026-01-23
4107,-0.01559322033898309,121.0,2026-01-23
1558,-0.015339272556768747,98.1,2026-01-23
1234,-0.015302727877578252,37.15,2026-01-23
5244,-0.015222702499530382,39.55,2026-01-23
8478,-0.015086576375792922,195.5,2026-01-23
5880,-0.014829409934667704,23.8,2026-01-23
00980T,-0.014705882352941027,10.74,2026-01-23
9928,-0.014553583648889082,18.15,2026-01-23
2377,-0.014544860271286167,103.0,2026-01-23
6962,-0.014480761274306876,39.9,2026-01-23
2405,-0.014408410381564646,17.9,2026-01-23
6201,-0.014201675678887764,55.3,2026-01-23
2433,-0.014121476192976143,47.0,2026-01-23
1614,-0.014019261245885583,33.85,2026-01-23
5905,-0.013662838168852958,9.44,2026-01-23
6785,-0.013617960986381997,271.5,2026-01-23
5546,-0.013501742160278692,22.85,2026-01-23
2608,-0.013477491841259622,33.0,2026-01-23
2850,-0.013440091507005973,116.0,2026-01-23
5533,-0.01332871732733258,14.3,2026-01-23
4714,-0.013303225173040145,17.2,2026-01-23
8341,-0.013100797619539677,80.5,2026-01-23
3557,-0.013081560687066446,36.95,2026-01-23
2314,-0.013069953958116881,22.4,2026-01-23
6982,-0.01295721771775686,64.2,2026-01-23
1323,-0.012938051580841506,19.2,2026-01-23
2601,-0.012928074523034712,5.59,2026-01-23
00636K,-0.012903980351643193,8.44,2026-01-23
4716,-0.012837306785433638,15.85,2026-01-23
5474,-0.012751953928424493,165.5,2026-01-23
2504,-0.012651265126512675,36.5,2026-01-23
1702,-0.012367070238894561,38.25,2026-01-23
9939,-0.012295081967213115,122.0,2026-01-23
6277,-0.012285412090147189,60.9,2026-01-23
4442,-0.012149426592483215,58.0,2026-01-23
4995,-0.012127539956629917,41.75,2026-01-23
1533,-0.012022194821208403,33.2,2026-01-23
2427,-0.011962094143234408,26.7,2026-01-23
6547,-0.011864706924030239,37.4,2026-01-23
3522,-0.011828117981733884,16.75,2026-01-23
6128,-0.011819827494409536,23.55,2026-01-23
2643,-0.011253466571932727,72.0,2026-01-23
00648R,-0.010989010989010797,4.33,2026-01-23
2701,-0.010840108401084101,11.05,2026-01-23
1307,-0.010769230769230812,32.65,2026-01-23
6264,-0.01076158940397355,7.27,2026-01-23
2641,-0.010709234188725075,20.8,2026-01-23
1591,-0.010683940439135228,49.65,2026-01-23
6913,-0.010669253152279325,121.5,2026-01-23
2243,-0.010652269079235171,11.5,2026-01-23
9917,-0.010606177905086311,107.5,2026-01-23
4142,-0.010594668489405348,19.75,2026-01-23
2706,-0.010523613963039153,12.9,2026-01-23
5531,-0.010517829002821822,9.0,2026-01-23
2836,-0.010470129336891768,12.1,2026-01-23
4523,-0.01041095890410958,30.55,2026-01-23
2101,-0.010370105489004208,37.3,2026-01-23
8429,-0.01032551627581382,7.56,2026-01-23
2542,-0.010295870813915744,38.6,2026-01-23
4536,-0.01024743814046494,167.0,2026-01-23
2524,-0.01023551624763988,41.8,2026-01-23
2023,-0.010212097407698392,14.75,2026-01-23
2743,-0.010140028971511218,83.2,2026-01-23
00683L,-0.010111255507306122,20.82,2026-01-23
4999,-0.009942438513867115,23.85,2026-01-23
8050,-0.009804655340169008,44.7,2026-01-23
1338,-0.009732360097323737,20.65,2026-01-23
4938,-0.009640253938396478,70.5,2026-01-23
00884B,-0.00961411826682476,30.1,2026-01-23
2027,-0.009594834250375344,36.45,2026-01-23
2109,-0.00955115110693979,15.0,2026-01-23
6923,-0.009546539379475019,100.5,2026-01-23
2845,-0.009433962264150882,12.7,2026-01-23
3029,-0.009287925696594403,114.0,2026-01-23
2745,-0.00920782284453244,110.0,2026-01-23
2379,-0.00913665901206823,519.0,2026-01-23
3130,-0.009129369850812787,223.0,2026-01-23
2707,-0.00906820870022339,190.0,2026-01-23
2834,-0.008890525540533531,15.75,2026-01-23
8444,-0.008885335425183752,11.25,2026-01-23
00666R,-0.00875864844663386,8.64,2026-01-23
1586,-0.008635470898151311,27.35,2026-01-23
2516,-0.008627981728979835,14.75,2026-01-23
1730,-0.008624774902852912,52.5,2026-01-23
1340,-0.008603417796110872,7.18,2026-01-23
00916,-0.00857290665878364,26.94,2026-01-23
4935,-0.008525546262732818,41.0,2026-01-23
4572,-0.00845630906980604,151.5,2026-01-23
00842B,-0.008452992921985654,31.81,2026-01-23
4108,-0.008442608227052251,13.85,2026-01-23
8048,-0.008398563680343675,57.4,2026-01-23
1722,-0.008264462809917501,47.15,2026-01-23
4564,-0.008166879858309675,17.0,2026-01-23
9914,-0.008116762230992548,90.5,2026-01-23
1109,-0.008104771617197096,15.45,2026-01-23
5876,-0.00792240640481608,39.7,2026-01-23
2397,-0.007863837121620133,62.3,2026-01-23
00882,-0.007773205304069602,15.33,2026-01-23
8450,-0.007759456838021311,17.2,2026-01-23
2801,-0.007717750826901992,20.35,2026-01-23
6612,-0.007677229663508466,84.5,2026-01-23
4155,-0.007676676450666061,14.65,2026-01-23
6224,-0.007612938130386053,43.8,2026-01-23
1459,-0.00760135135135134,11.85,2026-01-23
2501,-0.0075353795258225,22.65,2026-01-23
6523,-0.007437269757419885,119.0,2026-01-23
4554,-0.007411799584939307,28.65,2026-01-23
00749B,-0.00739012057565163,31.9,2026-01-23
2616,-0.007272727272727247,13.75,2026-01-23
2520,-0.0071529316945395304,33.45,2026-01-23
00969B,-0.007136329165613411,8.52,2026-01-23
9951,-0.007129654079746521,56.7,2026-01-23
1476,-0.007066276803118853,418.5,2026-01-23
2105,-0.006936447146415361,31.15,2026-01-23
6679,-0.00691900691900695,188.5,2026-01-23
00926,-0.006906406287211319,23.65,2026-01-23
9912,-0.006759553041798896,12.0,2026-01-23
1436,-0.00671708890886971,63.7,2026-01-23
00931B,-0.006689690149008561,13.74,2026-01-23
3266,-0.006646525679758317,13.95,2026-01-23
2613,-0.006629340844296191,24.45,2026-01-23
6245,-0.006622516556291574,71.3,2026-01-23
911868,-0.00662251655629134,1.32,2026-01-23
5608,-0.00653840726280621,17.85,2026-01-23
6811,-0.006381396077203086,213.5,2026-01-23
6872,-0.006338172152933949,20.4,2026-01-23
6739,-0.006317941094490341,735.0,2026-01-23
5609,-0.00623709297231883,80.5,2026-01-23
6235,-0.006234447328285159,63.0,2026-01-23
3587,-0.006066864592745637,195.5,2026-01-23
3489,-0.005891889754438725,21.2,2026-01-23
1440,-0.005891016200294556,13.85,2026-01-23
2881,-0.005865570342542324,93.7,2026-01-23
6703,-0.005834305717619603,108.0,2026-01-23
00696B,-0.0058190478330224634,29.55,2026-01-23
9908,-0.0057829181494662655,29.8,2026-01-23
1452,-0.0057361376673040814,11.75,2026-01-23
4907,-0.005621583769378766,42.65,2026-01-23
00636,-0.005454443215684745,26.84,2026-01-23
2029,-0.005312986857348237,20.85,2026-01-23
4585,-0.005312868949232619,348.0,2026-01-23
6695,-0.005309471651876957,46.7,2026-01-23
3512,-0.0052910052910053245,21.3,2026-01-23
2646,-0.0052300138755469626,23.6,2026-01-23
4175,-0.00522958450663757,57.9,2026-01-23
00671R,-0.0051958666588825695,2.84,2026-01-23
00848B,-0.005190559490694402,34.71,2026-01-23
6841,-0.005121065977228664,66.9,2026-01-23
8446,-0.005091365601897035,95.3,2026-01-23
6637,-0.00502322453183136,79.1,2026-01-23
6171,-0.004815409309791514,28.95,2026-01-23
6579,-0.004739336492890978,112.5,2026-01-23
2852,-0.004735048406068165,27.8,2026-01-23
4977,-0.004733584172836573,124.5,2026-01-23
8089,-0.004658561527099075,29.7,2026-01-23
4930,-0.004637484447460816,22.3,2026-01-23
3652,-0.004587553016532512,28.75,2026-01-23
1219,-0.004547130392036433,13.5,2026-01-23
5464,-0.0045393517038552125,26.95,2026-01-23
1723,-0.004439968874445063,72.8,2026-01-23
4904,-0.004232568500779633,90.3,2026-01-23
00723B,-0.004231830726770891,31.6,2026-01-23
2102,-0.004159838648682696,19.8,2026-01-23
6180,-0.004040214225312476,53.4,2026-01-23
6208,-0.003912927857766814,44.8,2026-01-23
5903,-0.003878164625909665,191.0,2026-01-23
00695B,-0.003866976024748527,35.48,2026-01-23
9930,-0.003838635988978563,70.8,2026-01-23
2887I,-0.0037930294138696645,9.32,2026-01-23
5468,-0.0037091348227377956,19.3,2026-01-23
6790,-0.0036827997995160337,38.2,2026-01-23
2231,-0.0036824877250407656,104.0,2026-01-23
00764B,-0.003657695768525105,28.48,2026-01-23
6121,-0.003518648838845883,358.5,2026-01-23
2382,-0.0034996144492556443,285.5,2026-01-23
8367,-0.0034824537905169435,43.4,2026-01-23
2395,-0.0033739942901635876,289.5,2026-01-23
1314,-0.003342698357361047,8.25,2026-01-23
8349,-0.0032695178878535736,44.0,2026-01-23
3321,-0.003260773772803424,19.2,2026-01-23
6791,-0.0031829826876795457,107.5,2026-01-23
6835,-0.0031179259385810264,39.2,2026-01-23
00687B,-0.0030508117964722706,28.5,2026-01-23
00779B,-0.0029139378552263907,28.82,2026-01-23
00768B,-0.002876318312559896,52.15,2026-01-23
00711B,-0.0028646309502042173,16.38,2026-01-23
6237,-0.00275300982043779,41.65,2026-01-23
009813,-0.0027172617628830912,10.47,2026-01-23
4173,-0.0026933435936898915,21.6,2026-01-23
3224,-0.0026284782017582894,46.3,2026-01-23
00857B,-0.002549461663260258,23.74,2026-01-23
3228,-0.002474776318294222,131.0,2026-01-23
9103,-0.0024269207085160266,4.65,2026-01-23
5201,-0.002383320509692868,44.35,2026-01-23
1737,-0.002236547822654899,31.75,2026-01-23
009811,-0.002055850608189064,11.68,2026-01-23
1315,-0.0019660596026489833,64.5,2026-01-23
6477,-0.0019266011935529853,35.95,2026-01-23
6183,-0.0018638841953071313,96.4,2026-01-23
2114,-0.0018155544851607072,90.4,2026-01-23
00967B,-0.0017927572606668042,9.3,2026-01-23
00697B,-0.0016874320981947208,36.03,2026-01-23
00679B,-0.0016559920122739002,27.41,2026-01-23
3596,-0.0015912707433507099,188.5,2026-01-23
00989A,-0.0015307238136890505,15.23,2026-01-23
9950,-0.0015056660591170176,10.5,2026-01-23
3045,-0.001470702066723413,108.0,2026-01-23
00782B,-0.0013705424041553832,31.26,2026-01-23
4951,-0.001295724110435659,66.9,2026-01-23
4933,-0.0012372061635361137,59.5,2026-01-23
3171,-0.0012311213608226601,48.95,2026-01-23
2908,-0.0012300123001229314,20.3,2026-01-23
8442,-0.0011823126034522856,71.4,2026-01-23
8047,-0.0011167425478910843,48.45,2026-01-23
2106,-0.0010302905419329422,20.55,2026-01-23
1236,-0.0009580759192574404,25.35,2026-01-23
4113,-0.0009000900090010407,22.25,2026-01-23
4111,-0.0005047955577991106,29.9,2026-01-23
9925,-0.00047070380451458434,40.9,2026-01-23
3563,-0.0004561812560191043,507.0,2026-01-23
3528,-0.0003370732412000847,70.0,2026-01-23
2882A,-5.482155583570476e-05,60.8,2026-01-23
2013,-1.99836134369635e-05,41.7,2026-01-23
4502,0.0,17.25,2026-01-23
00795B,6.0477774417846416e-05,27.63,2026-01-23
1616,0.00014078558355623582,30.9,2026-01-23
00756B,0.00016043140522388415,32.27,2026-01-23
00983B,0.00017514397865292438,16.2,2026-01-23
2882B,0.0002496463343595483,60.1,2026-01-23
2607,0.00025958293674830095,59.1,2026-01-23
00724B,0.00026982230274054256,34.66,2026-01-23
1599,0.00030646644192459184,27.25,2026-01-23
00722B,0.0003531936859835934,36.9,2026-01-23
4560,0.0003871467286100112,32.55,2026-01-23
6592,0.00048804294777930746,61.9,2026-01-23
1788,0.0005477451159392998,137.0,2026-01-23
1806,0.0005712285098305708,9.13,2026-01-23
3205,0.000715526934478252,49.75,2026-01-23
6498,0.0007371913011426046,90.5,2026-01-23
8916,0.0008476012883540547,49.3,2026-01-23
1232,0.0008628127696289905,146.5,2026-01-23
00886,0.0009143825687460771,37.59,2026-01-23
00834B,0.0009312988036391965,34.93,2026-01-23
4746,0.0009494100094940461,62.5,2026-01-23
00785B,0.0010865155492964492,35.81,2026-01-23
6112,0.0011471477734904519,48.65,2026-01-23
2511,0.0012117841037763949,8.52,2026-01-23
1416,0.0012836970474966872,11.7,2026-01-23
2816,0.001410031366003923,29.2,2026-01-23
00746B,0.0015212280459134203,36.29,2026-01-23
5212,0.0015218261914296974,52.6,2026-01-23
1409,0.0017194519940097427,15.2,2026-01-23
00670L,0.0017220122069267663,163.9,2026-01-23
5534,0.001773974746947708,81.1,2026-01-23
2414,0.0019275641675966088,41.4,2026-01-23
00665L,0.0019838332395699706,11.46,2026-01-23
2115,0.001988071570576569,25.8,2026-01-23
3379,0.0020796672532395,55.1,2026-01-23
7740,0.002138710663000271,172.5,2026-01-23
00980D,0.0022186397663245495,20.95,2026-01-23
2450,0.002275280089859181,29.3,2026-01-23
6965,0.0022833794015142137,84.3,2026-01-23
1203,0.0022903490155700584,39.85,2026-01-23
6023,0.002331002331002168,95.1,2026-01-23
00720B,0.0023738607698445303,33.79,2026-01-23
6859,0.0024020694752402544,110.0,2026-01-23
3546,0.002438248701367491,79.4,2026-01-23
00719B,0.0024598590829085203,31.12,2026-01-23
1731,0.0025177386129547337,21.9,2026-01-23
6472,0.0025203024362923975,548.0,2026-01-23
00781B,0.0025815377866266,29.71,2026-01-23
00859B,0.002602316508267756,41.27,2026-01-23
1525,0.002663324455585175,64.1,2026-01-23
3716,0.0027360792723508435,34.0,2026-01-23
8940,0.0027583968846340186,20.6,2026-01-23
8924,0.002797010408546927,73.6,2026-01-23
4702,0.002841383921109899,10.1,2026-01-23
2897,0.002944457652846704,9.15,2026-01-23
6558,0.0029511518301545497,39.95,2026-01-23
3086,0.0029675819841478448,228.0,2026-01-23
2474,0.0029717682020802094,205.0,2026-01-23
6414,0.0029871323529412027,296.5,2026-01-23
009807,0.0029928631724349397,13.15,2026-01-23
00849B,0.0030174039549543284,37.28,2026-01-23
8499,0.0031029317355017335,312.5,2026-01-23
6160,0.003344481605351099,18.2,2026-01-23
00725B,0.0033632549197543005,35.84,2026-01-23
7642,0.0035545023696682125,87.5,2026-01-23
4972,0.0035842293906810747,19.0,2026-01-23
6936,0.0036384255540328958,35.4,2026-01-23
00760B,0.0036587018383847612,55.6,2026-01-23
1417,0.0037259523990569986,8.83,2026-01-23
00847B,0.003815337657382733,26.32,2026-01-23
00982D,0.003866085382906958,10.18,2026-01-23
6136,0.003939066476103994,24.35,2026-01-23
00694B,0.004002333018241922,41.65,2026-01-23
5519,0.004170846312232756,32.15,2026-01-23
2509,0.004253438656576275,15.15,2026-01-23
8426,0.004274142929730762,28.3,2026-01-23
00957B,0.004417408936200895,13.9,2026-01-23
9933,0.004445137643297369,32.75,2026-01-23
7749,0.0044491365658697836,446.5,2026-01-23
5230,0.004457934174333671,17.7,2026-01-23
2385,0.004604437002930072,121.0,2026-01-23
9905,0.004623266275146877,20.1,2026-01-23
1569,0.004661105008461179,59.8,2026-01-23
00933B,0.004711807953206787,16.52,2026-01-23
4439,0.004808489471066168,101.0,2026-01-23
3450,0.00487390010140332,260.5,2026-01-23
1402,0.004887352485397674,28.5,2026-01-23
00983A,0.0049059689288634915,12.29,2026-01-23
00727B,0.005047032981773764,40.08,2026-01-23
3164,0.00508443798801508,18.45,2026-01-23
3150,0.0051711611607335815,19.95,2026-01-23
1817,0.005216563129071926,38.7,2026-01-23
00751B,0.0053865506011638,32.64,2026-01-23
00773B,0.005396116796152309,36.93,2026-01-23
1905,0.005540166204985981,12.3,2026-01-23
6184,0.005627218422647291,48.5,2026-01-23
3093,0.0056425494975127395,25.2,2026-01-23
00856B,0.005728212335224934,37.71,2026-01-23
8930,0.00575712946846969,31.35,2026-01-23
3498,0.005872609546754943,51.6,2026-01-23
3605,0.005878166433824434,66.0,2026-01-23
3052,0.005972512052961006,11.7,2026-01-23
00788B,0.0059785562527792805,30.59,2026-01-23
6743,0.006000705965407629,28.6,2026-01-23
3705,0.006051660516605073,57.1,2026-01-23
3492,0.006211180124223528,25.8,2026-01-23
00983D,0.006215435814613561,10.3,2026-01-23
1537,0.006263891695292024,125.0,2026-01-23
00754B,0.006295993853795634,34.76,2026-01-23
00968B,0.006311609105737337,9.48,2026-01-23
2702,0.006440653974095706,11.9,2026-01-23
7703,0.006525911708253315,221.0,2026-01-23
1813,0.006545084831924771,13.35,2026-01-23
3036A,0.0066199376947041165,51.8,2026-01-23
00793B,0.006647168306301592,31.61,2026-01-23
3022,0.006655782996358099,68.3,2026-01-23
00777B,0.006684231313398975,33.58,2026-01-23
4771,0.006749156355455504,179.0,2026-01-23
00836B,0.006791306221017986,29.64,2026-01-23
1220,0.006804518728942193,12.8,2026-01-23
2514,0.006836544437538768,14.95,2026-01-23
00981D,0.006912991656734186,10.57,2026-01-23
8183,0.007076350093109785,34.45,2026-01-23
2387,0.007109503176138983,40.45,2026-01-23
00681R,0.0071919165770037465,20.75,2026-01-23
00799B,0.007209974800618793,30.77,2026-01-23
00772B,0.007228540574197147,34.61,2026-01-23
1210,0.0073189522342063836,52.6,2026-01-23
8463,0.00745212715781536,26.85,2026-01-23
2015,0.0074834069333898166,64.3,2026-01-23
2008,0.007644197359277361,29.05,2026-01-23
1734,0.007749844733075878,31.15,2026-01-23
6292,0.00781155138219952,41.65,2026-01-23
00710B,0.007858804934802618,19.17,2026-01-23
00985B,0.007879132483145087,10.37,2026-01-23
9911,0.007893379873864676,85.0,2026-01-23
00924,0.007977086724218254,29.25,2026-01-23
6425,0.008012081043667805,82.3,2026-01-23
2904,0.008084153111911864,17.25,2026-01-23
6189,0.008180411231483472,46.25,2026-01-23
1444,0.008184725459374674,6.2,2026-01-23
9907,0.008289781942692328,18.85,2026-01-23
00740B,0.008309119641127606,39.66,2026-01-23
00863B,0.008338953951805703,32.89,2026-01-23
3583,0.008416142770229116,335.0,2026-01-23
00890B,0.008426382033188153,33.16,2026-01-23
00864B,0.008492799582962389,46.59,2026-01-23
2228,0.008567931456548347,104.0,2026-01-23
4420,0.00858652575957707,51.1,2026-01-23
1108,0.008684034736138997,15.15,2026-01-23
6668,0.00869867025315087,40.0,2026-01-23
00702,0.008720006929806873,23.29,2026-01-23
3036,0.008779480117059774,149.5,2026-01-23
00792B,0.00885010457341254,32.69,2026-01-23
2727,0.008870034708831425,220.5,2026-01-23
00700,0.008897805687758133,18.8,2026-01-23
00853B,0.008909080181721582,28.52,2026-01-23
00703,0.00892275529835929,22.38,2026-01-23
1515,0.009067241224526356,28.7,2026-01-23
00937B,0.00907104548765149,15.28,2026-01-23
00845B,0.009080048964422178,34.21,2026-01-23
00982B,0.009133103758047604,10.11,2026-01-23
00942B,0.009216273698172682,14.74,2026-01-23
00860B,0.009228507292227352,38.52,2026-01-23
2543,0.00930108955620508,65.7,2026-01-23
00958B,0.009397106958082612,9.59,2026-01-23
00741B,0.00945980139300113,37.9,2026-01-23
00980B,0.009532739490545202,9.7,2026-01-23
4580,0.009583104437526838,83.3,2026-01-23
00771,0.009612403100775265,16.32,2026-01-23
00846B,0.009699148066343732,36.81,2026-01-23
3293,0.0097140511697907,739.0,2026-01-23
2611,0.009752020061298333,15.2,2026-01-23
6118,0.009759271307742356,19.65,2026-01-23
00945B,0.009809911353444944,14.63,2026-01-23
6667,0.009812203521996172,265.0,2026-01-23
00862B,0.009926495310907823,32.6,2026-01-23
2103,0.009979164382059478,15.45,2026-01-23
00950B,0.010018639328984108,14.48,2026-01-23
9944,0.010050997672921655,17.0,2026-01-23
00726B,0.010065897612887391,33.92,2026-01-23
3213,0.010067991631799205,105.0,2026-01-23
00948B,0.01012908942439647,9.71,2026-01-23
2849,0.010202165613068713,13.45,2026-01-23
2033,0.010239628417607964,16.15,2026-01-23
1218,0.01024890190336754,18.4,2026-01-23
00883B,0.01026628168110352,31.5,2026-01-23
2609,0.010451881028440163,55.5,2026-01-23
8415,0.010488993942975446,34.4,2026-01-23
8354,0.010493179433368385,16.2,2026-01-23
8432,0.010549029009829765,56.6,2026-01-23
2887Z1,0.010564997703261334,16.55,2026-01-23
6578,0.01058586551236452,19.8,2026-01-23
2887E,0.010707360256302204,50.3,2026-01-23
1313,0.010817520837027833,10.65,2026-01-23
00966B,0.010826922397238408,14.34,2026-01-23
9935,0.010916580844490122,20.45,2026-01-23
6115,0.010930418555051894,47.6,2026-01-23
2636,0.010983524712930619,68.4,2026-01-23
3570,0.011040092969203984,175.5,2026-01-23
6719,0.011119731057667472,199.0,2026-01-23
00865B,0.011270677412823745,47.54,2026-01-23
2476,0.011478955248710818,92.7,2026-01-23
3537,0.011498830205585016,52.0,2026-01-23
5312,0.01154851218072999,100.0,2026-01-23
00714,0.01163370450390565,20.39,2026-01-23
2017,0.011650709424385636,8.92,2026-01-23
00752,0.011796166245969958,27.2,2026-01-23
3188,0.011869686000505185,30.2,2026-01-23
00959B,0.011914134257072393,9.67,2026-01-23
2883B,0.011980026146032156,7.87,2026-01-23
2617,0.01198111405256399,31.5,2026-01-23
00786B,0.011982287053920414,33.74,2026-01-23
00903,0.012173022002523803,17.81,2026-01-23
00953B,0.012187564552778571,9.81,2026-01-23
2031,0.012294009939837792,38.95,2026-01-23
00761B,0.012410901865192045,35.62,2026-01-23
3702,0.012436224489795937,64.4,2026-01-23
8403,0.012444631934191172,24.1,2026-01-23
00970B,0.012462428152080162,9.61,2026-01-23
1310,0.012518549522468591,9.09,2026-01-23
3033,0.012547257684510472,31.35,2026-01-23
1720,0.01269308075662872,61.5,2026-01-23
2020,0.01270339708820996,23.75,2026-01-23
7556,0.01290355485285859,165.5,2026-01-23
00759B,0.013046815042210481,56.1,2026-01-23
009810,0.013086377325386938,18.82,2026-01-23
3516,0.01311434197846403,20.3,2026-01-23
00755B,0.013135459741091057,33.82,2026-01-23
1268,0.013174404015056426,161.5,2026-01-23
6494,0.013311600108666178,37.5,2026-01-23
2488,0.013506134187629668,46.4,2026-01-23
3527,0.013567675088323551,58.3,2026-01-23
9937,0.013572047357782112,59.0,2026-01-23
3024,0.013651721995787866,11.2,2026-01-23
00981B,0.013800139612307248,9.45,2026-01-23
00634R,0.013858121683581389,3.28,2026-01-23
009806,0.013928974777261974,12.16,2026-01-23
2380,0.014050901378579046,5.13,2026-01-23
6506,0.014057302285652992,15.9,2026-01-23
2892,0.014123639731419297,29.45,2026-01-23
6642,0.014205074126915108,54.5,2026-01-23
00662,0.014353286576414959,103.75,2026-01-23
7753,0.014616700357642632,43.7,2026-01-23
009800,0.014881311001325507,11.24,2026-01-23
6550,0.014983083615273073,31.75,2026-01-23
5243,0.015044557410113582,84.2,2026-01-23
2547,0.015063731170336004,11.15,2026-01-23
00713,0.015093746315003355,51.95,2026-01-23
2546,0.015203531142717022,90.9,2026-01-23
8112,0.015336519946537347,76.3,2026-01-23
00753L,0.015349822586724467,13.22,2026-01-23
1432,0.01538890696917557,18.5,2026-01-23
4306,0.015412511332728947,14.15,2026-01-23
3276,0.015594650091569903,15.5,2026-01-23
6742,0.01577529819161234,47.4,2026-01-23
5355,0.01587895512265859,7.24,2026-01-23
1233,0.015933112478309076,32.3,2026-01-23
2603,0.0160857908847185,192.5,2026-01-23
9904,0.016140966265654467,31.3,2026-01-23
1103,0.016395426220581925,14.05,2026-01-23
00984B,0.016524986096766378,17.09,2026-01-23
5701,0.016525829413478757,4.2,2026-01-23
3548,0.016574178204679293,93.6,2026-01-23
2548,0.016949152542372916,109.5,2026-01-23
00762,0.016989238834798383,86.4,2026-01-23
2731,0.01725075379368295,173.5,2026-01-23
6560,0.017341980604631484,42.4,2026-01-23
6020,0.017353291826731856,19.2,2026-01-23
6125,0.01747784324404608,71.0,2026-01-23
6576,0.017507549998943977,80.6,2026-01-23
2402,0.017521959536604462,57.4,2026-01-23
6829,0.017559657811796515,116.0,2026-01-23
2539,0.01769911504424771,49.35,2026-01-23
1456,0.017739220510164317,13.1,2026-01-23
8443,0.01777417213658811,11.5,2026-01-23
4721,0.017867603983596936,70.8,2026-01-23
3035,0.01794645483965879,177.5,2026-01-23
1760,0.017967145790554268,66.8,2026-01-23
00909,0.01809981416947872,43.26,2026-01-23
6538,0.01811648450366812,68.4,2026-01-23
8045,0.018291774025254882,79.7,2026-01-23
6994,0.01830602551102101,97.4,2026-01-23
3048,0.018330790293250923,42.0,2026-01-23
00758B,0.018511033869533566,52.5,2026-01-23
6664,0.018678761114757914,289.0,2026-01-23
1710,0.01874490627546851,12.75,2026-01-23
1776,0.018787314454729653,15.5,2026-01-23
2412,0.018817715263257893,134.0,2026-01-23
3015,0.0189682030605699,57.9,2026-01-23
3059,0.019010508914865977,44.6,2026-01-23
8222,0.01906536129057837,43.85,2026-01-23
2889,0.01912777352716144,16.65,2026-01-23
2505,0.019185169217503784,19.8,2026-01-23
3388,0.019225065386793087,64.0,2026-01-23
6877,0.019409021421521983,89.0,2026-01-23
4161,0.019440951736144744,26.75,2026-01-23
6177,0.01960518282341778,51.3,2026-01-23
4707,0.019786910197869313,10.15,2026-01-23
3294,0.01989376106655541,44.5,2026-01-23
3577,0.01999839370331696,64.5,2026-01-23
4545,0.020057845603969247,37.85,2026-01-23
8435,0.020119013884953338,54.2,2026-01-23
5871,0.02012992220707356,106.0,2026-01-23
3014,0.020222517668462652,122.0,2026-01-23
2704,0.020230711263115403,45.0,2026-01-23
2250,0.020308620078041916,78.5,2026-01-23
00907,0.02033706397247749,15.75,2026-01-23
3661,0.020605519601279477,3440.0,2026-01-23
2423,0.02110279101429551,55.5,2026-01-23
6191,0.021149327066866005,119.5,2026-01-23
00646,0.021213248976553738,68.7,2026-01-23
1324,0.021296440230063753,11.1,2026-01-23
00647L,0.021492652911942408,118.7,2026-01-23
4133,0.021588419124250278,24.0,2026-01-23
3034,0.02166377816291156,406.0,2026-01-23
1589,0.021676232035288994,18.85,2026-01-23
3114,0.02169303539389987,26.35,2026-01-23
00730,0.021920143366042515,23.6,2026-01-23
4722,0.021933950586720777,179.5,2026-01-23
5220,0.022184779556304386,18.2,2026-01-23
6674,0.02221682651450751,21.4,2026-01-23
8234,0.02228758909378888,78.5,2026-01-23
2612,0.022333624355760813,61.4,2026-01-23
00642U,0.02244308032089391,15.77,2026-01-23
6951,0.022511526986710013,75.6,2026-01-23
1709,0.022710331461511597,17.15,2026-01-23
1582,0.02299225233808895,69.1,2026-01-23
00701,0.02323395505948013,29.22,2026-01-23
2496,0.02356046534363089,69.9,2026-01-23
1308,0.023696682464454975,13.75,2026-01-23
3673,0.02378740761681683,43.5,2026-01-23
8401,0.023979636111191478,29.75,2026-01-23
2540,0.024021536550010433,50.1,2026-01-23
5493,0.024084961122700473,92.0,2026-01-23
006206,0.02414278747327988,38.11,2026-01-23
1805,0.024254925670388998,12.2,2026-01-23
6411,0.024514578195909548,85.9,2026-01-23
8466,0.02463853644142823,23.2,2026-01-23
9105,0.024813619672860887,6.45,2026-01-23
4976,0.025188512754692652,32.95,2026-01-23
4960,0.02519975414874002,14.0,2026-01-23
6024,0.025269569511894022,52.2,2026-01-23
8032,0.025280590392936224,39.6,2026-01-23
1451,0.025418833044483034,17.9,2026-01-23
4114,0.025535420098846826,33.3,2026-01-23
00656R,0.025556742542526087,6.24,2026-01-23
6166,0.02565478746243023,65.2,2026-01-23
4946,0.025705368485437693,111.0,2026-01-23
6728,0.025991792065663374,137.5,2026-01-23
6585,0.026175712012292057,93.5,2026-01-23
8011,0.026202522087140204,22.95,2026-01-23
3521,0.026267562614538727,14.05,2026-01-23
3490,0.026329029012242093,25.9,2026-01-23
2010,0.02639296187683298,21.3,2026-01-23
2393,0.026524709212874652,57.2,2026-01-23
5388,0.026639095000608345,85.0,2026-01-23
00918,0.026685589487539546,23.5,2026-01-23
4711,0.0268300761841669,15.55,2026-01-23
2851,0.026913533117006998,27.1,2026-01-23
6757,0.027061791916093668,72.3,2026-01-23
3031,0.027484143763213592,20.5,2026-01-23
1217,0.027528809218950106,10.7,2026-01-23
8421,0.02758178319435529,13.6,2026-01-23
1786,0.027602473385606,81.0,2026-01-23
00986A,0.027719665271966336,11.81,2026-01-23
00638R,0.027790565260582115,7.07,2026-01-23
6130,0.02780184295502864,43.6,2026-01-23
5907,0.02798000175423216,5.97,2026-01-23
6803,0.028042624789680247,305.5,2026-01-23
6716,0.02806260118726397,50.8,2026-01-23
4571,0.02817398316617105,173.5,2026-01-23
6197,0.02829256956951144,153.5,2026-01-23
2887H,0.02834113364534572,39.65,2026-01-23
0056,0.028401657217618687,38.08,2026-01-23
5465,0.028473804100227873,30.35,2026-01-23
8210,0.028480452856890187,970.0,2026-01-23
8076,0.02863240263204699,24.35,2026-01-23
3597,0.02870205740411469,28.0,2026-01-23
3684,0.028810324456966296,57.0,2026-01-23
3272,0.02889885401096155,21.55,2026-01-23
2388,0.02894294643277798,55.8,2026-01-23
2439,0.029176173600660323,110.0,2026-01-23
5236,0.029209148525764658,125.0,2026-01-23
6175,0.029227419674077982,54.8,2026-01-23
2002,0.02929320075248579,19.25,2026-01-23
3141,0.029296976635270828,50.0,2026-01-23
00639,0.029323758228605674,15.63,2026-01-23
5426,0.02941176470588235,21.0,2026-01-23
00668K,0.029432755716691846,18.03,2026-01-23
3416,0.02944432145229137,162.0,2026-01-23
1464,0.029466616933979936,11.7,2026-01-23
4931,0.029551954242135404,177.5,2026-01-23
8072,0.02958579881656797,32.5,2026-01-23
3026,0.029607136078952268,112.0,2026-01-23
4555,0.029694859717386734,43.5,2026-01-23
3227,0.029726516052318668,219.5,2026-01-23
4744,0.029805615550755966,29.95,2026-01-23
8028,0.029967139143655903,176.0,2026-01-23
8277,0.029993800963235007,12.8,2026-01-23
4956,0.030000412660421902,21.05,2026-01-23
8163,0.03016386598476155,33.3,2026-01-23
00949,0.030182541116934854,19.17,2026-01-23
5213,0.030202730657840165,25.1,2026-01-23
6174,0.03025909108253517,23.1,2026-01-23
00737,0.030372508667007133,37.39,2026-01-23
5324,0.03081409094491312,10.9,2026-01-23
0055,0.03083941312377034,32.3,2026-01-23
1708,0.031007751937984496,33.25,2026-01-23
00717,0.031028802920357885,15.45,2026-01-23
3310,0.03112000181855359,76.3,2026-01-23
1718,0.03140207733094454,7.23,2026-01-23
3558,0.03153988868274583,141.5,2026-01-23
9902,0.031560490940970146,18.0,2026-01-23
4160,0.03166808880588593,53.8,2026-01-23
3564,0.031976744186046645,49.8,2026-01-23
8926,0.03200140408354296,45.85,2026-01-23
6109,0.032329679478285175,12.6,2026-01-23
5443,0.03250478011472276,94.4,2026-01-23
6643,0.03250938736169958,444.5,2026-01-23
6756,0.03264682818110533,84.1,2026-01-23
2425,0.032737090786365254,31.4,2026-01-23
4760,0.032855159648310914,198.0,2026-01-23
4430,0.03307911851401284,18.4,2026-01-23
3303,0.03308501314636279,47.4,2026-01-23
3058,0.03309094403690295,10.95,2026-01-23
1240,0.033160003409769115,61.4,2026-01-23
00908,0.03325415676959628,14.23,2026-01-23
2459,0.033284656830656345,69.0,2026-01-23
6416,0.033409172554185206,87.6,2026-01-23
1615,0.033700137551581834,51.5,2026-01-23
00851,0.03379131080579284,58.2,2026-01-23
2597,0.03396901072705595,175.0,2026-01-23
1903,0.0345138867992657,57.5,2026-01-23
1762,0.034931438294465114,26.0,2026-01-23
8487,0.034948831820814874,80.5,2026-01-23
2374,0.03497605373914126,88.9,2026-01-23
3209,0.035198810469915555,33.85,2026-01-23
0061,0.035259799453053735,23.91,2026-01-23
1336,0.0352843932427544,17.15,2026-01-23
8481,0.035321789204752686,43.15,2026-01-23
6176,0.03539642638766222,128.0,2026-01-23
4105,0.03558151885289435,84.7,2026-01-23
3703,0.035939236754353475,23.4,2026-01-23
4402,0.035948291128032536,19.5,2026-01-23
8473,0.036052114938425965,39.4,2026-01-23
3438,0.036286314828996385,53.5,2026-01-23
6901,0.036462678510085,17.9,2026-01-23
3686,0.03663668985070651,19.7,2026-01-23
2107,0.0368330464716008,25.15,2026-01-23
4994,0.03692549878512026,105.0,2026-01-23
6266,0.0369692113997939,31.0,2026-01-23
006207,0.03702889792330518,31.69,2026-01-23
6188,0.037483266398929065,113.5,2026-01-23
00668,0.03768996960486315,56.95,2026-01-23
7704,0.037947660937097435,47.0,2026-01-23
4741,0.03825346276330418,22.8,2026-01-23
1434,0.03828002097535391,16.6,2026-01-23
5306,0.03853835342850782,95.4,2026-01-23
5515,0.03859684902870556,34.3,2026-01-23
5489,0.038735667802912925,42.5,2026-01-23
6230,0.03905209282759587,126.0,2026-01-23
8034,0.039376374175494826,26.85,2026-01-23
00940,0.03948772678762017,9.81,2026-01-23
8071,0.03950686466797412,18.85,2026-01-23
8059,0.039580352885073826,22.75,2026-01-23
5009,0.03960396039603964,34.45,2026-01-23
9934,0.04005200260012992,10.6,2026-01-23
6210,0.04009761433920977,20.6,2026-01-23
2606,0.04012302530406821,63.1,2026-01-23
1531,0.0402920117927838,12.7,2026-01-23
3287,0.04034622364930891,33.7,2026-01-23
6241,0.04048610636990495,13.15,2026-01-23
2359,0.04070933920134625,141.0,2026-01-23
3687,0.04072772379574132,85.5,2026-01-23
2596,0.040848098450589516,35.7,2026-01-23
00736,0.0408913049971624,29.05,2026-01-23
8066,0.04089528643341539,20.85,2026-01-23
6104,0.040897301568216415,105.5,2026-01-23
2483,0.04103409386657436,20.05,2026-01-23
3021,0.04136207140498963,18.75,2026-01-23
2108,0.041478320616207896,24.2,2026-01-23
4432,0.04150712207076112,17.0,2026-01-23
3003,0.0416196020505692,50.7,2026-01-23
6613,0.041629284048088924,194.5,2026-01-23
5278,0.041677987284681695,33.0,2026-01-23
8040,0.04173690243409059,51.7,2026-01-23
4749,0.041750301083902,868.0,2026-01-23
00921,0.04182300027546376,18.32,2026-01-23
3218,0.041903894329309896,153.5,2026-01-23
8423,0.04196816208393637,18.6,2026-01-23
8114,0.04221694945605938,197.5,2026-01-23
8049,0.042232326867087513,26.85,2026-01-23
1781,0.04223727836240449,12.1,2026-01-23
2466,0.04226300724027611,61.9,2026-01-23
2890,0.04238430432829117,29.2,2026-01-23
009805,0.04247104247104244,13.28,2026-01-23
1304,0.04281092468587786,11.75,2026-01-23
3055,0.04295675069481692,72.0,2026-01-23
8085,0.0430196786952488,18.1,2026-01-23
00739,0.04307609983564572,27.42,2026-01-23
4952,0.04323953328757729,38.6,2026-01-23
2038,0.043356480130711327,15.1,2026-01-23
00943,0.043418490090502866,15.31,2026-01-23
4906,0.04354261749105708,28.5,2026-01-23
6577,0.04355346289667777,72.5,2026-01-23
7718,0.04360579906357528,46.7,2026-01-23
2067,0.043713558612247565,10.9,2026-01-23
3467,0.04391150477470871,44.8,2026-01-23
006205,0.04399346227186058,41.15,2026-01-23
2034,0.044166769763701874,21.35,2026-01-23
8935,0.04419449118767162,20.3,2026-01-23
5522,0.04447543778087718,68.4,2026-01-23
6526,0.04462699822380112,470.5,2026-01-23
4974,0.044713160854892825,75.2,2026-01-23
3545,0.04487482286254133,58.6,2026-01-23
8383,0.044960474308300406,42.9,2026-01-23
00962,0.04499008692999835,11.55,2026-01-23
6486,0.04506011500261372,83.9,2026-01-23
00650L,0.04515203882781182,19.24,2026-01-23
6573,0.045185810810810786,16.95,2026-01-23
2340,0.04520312798016398,28.0,2026-01-23
3714,0.04523408888448976,35.25,2026-01-23
4128,0.04531346989447555,21.15,2026-01-23
1593,0.04538722885268759,30.4,2026-01-23
00960,0.04541060551356263,15.0,2026-01-23
5209,0.04545897011583762,179.5,2026-01-23
4171,0.045477014335145734,21.4,2026-01-23
1608,0.045843010801181625,40.0,2026-01-23
6141,0.045965879460627246,12.0,2026-01-23
6525,0.04619269450128447,82.0,2026-01-23
3675,0.04636628772096905,153.5,2026-01-23
4770,0.046411069472470395,245.0,2026-01-23
00930,0.04644135112577827,18.35,2026-01-23
5227,0.04644620866412438,28.5,2026-01-23
6902,0.04661811521521064,80.1,2026-01-23
5344,0.046862767028296545,15.75,2026-01-23
8016,0.04689203925845144,195.5,2026-01-23
00660,0.04692793810221774,43.65,2026-01-23
00657K,0.046943364652151896,20.02,2026-01-23
4552,0.04748904375314334,24.45,2026-01-23
00981T,0.04754230459307028,11.07,2026-01-23
8107,0.04764107308048096,15.55,2026-01-23
