{
    "api_key": "AabRSk9gGx7ypU2GVXFRWdPCvSPrJ6W3oWSihXCy59eL",
    "secret_key": "CrPPfTz3AtqUEgWSUUnGt2sfZE3GEqE3vUTBcGRUCsWA",
    "line_channel_access_token": "LYJTal5Bu3Ad739TQ6pDkGPlWWEE0HxjidyfEbJ/Q2mzRfyP6deeCMkV6WMI0tM0WYIL73pavwDV+FxUl0rud2eR4rCDjZOwC4d1w6l/y2cIKrdjGdMkeO3mqZY5Gz2QFjXfT0kIEo5IrSWjim1QhwdB04t89/1O/w1cDnyilFU=",
    "line_user_id": "C685b1cc7a3f72c9b2136cfd9aa850dbd",
    "finlab_token": "PN9BH1G1W+hhGWMcpFDMNErK0O9dJoecw1cfVCYuJRyj5Y+KmA0u5IyC03b+bRlt#vip_m",
    "person_id": "F125111804"
}